Date,Title,Views,Claps
Date,Title,Views,Claps
Date,Title,Views,Claps
Date,Title,Views,Claps
Date,Title,Views,Claps
Date,Title,Views,Claps
Date,Title,Views,Claps
Date,Title,Views,Claps
Date,Title,Views,Claps
2025-12-14 10:00:02,Basic Linux commands every AI tinkerer should know,0,0
2025-12-14 10:00:02,Automating Backups for Your AI Projects on Linux,0,0
2025-12-14 10:00:02,Earn From Your Spare GPU: Step‑by‑Step Guide to Setting Up Golem on a Linux Workstation,0,0
2025-12-14 10:00:02,Build an AI‑Ready Linux Workstation Under $800 in 2024 – Step‑by‑Step Guide,0,0
2025-12-14 18:53:10,Basic Linux commands every AI tinkerer should know,0,0
2025-12-14 18:53:10,Automating Backups for Your AI Projects on Linux,0,0
2025-12-14 18:53:10,Earn From Your Spare GPU: Step‑by‑Step Guide to Setting Up Golem on a Linux Workstation,0,0
2025-12-14 18:53:10,Build an AI‑Ready Linux Workstation Under $800 in 2024 – Step‑by‑Step Guide,0,0
2025-12-15 10:00:01,Basic Linux commands every AI tinkerer should know,0,0
2025-12-15 10:00:01,Automating Backups for Your AI Projects on Linux,0,0
2025-12-15 10:00:01,Earn From Your Spare GPU: Step‑by‑Step Guide to Setting Up Golem on a Linux Workstation,0,0
2025-12-15 10:00:01,Build an AI‑Ready Linux Workstation Under $800 in 2024 – Step‑by‑Step Guide,0,0
2025-12-16 09:13:18,Basic Linux commands every AI tinkerer should know,0,0
2025-12-16 09:13:18,Automating Backups for Your AI Projects on Linux,0,1
2025-12-16 09:13:18,Earn From Your Spare GPU: Step‑by‑Step Guide to Setting Up Golem on a Linux Workstation,0,0
2025-12-16 09:13:18,Build an AI‑Ready Linux Workstation Under $800 in 2024 – Step‑by‑Step Guide,0,0
2025-12-16 10:00:03,Basic Linux commands every AI tinkerer should know,0,0
2025-12-16 10:00:03,Automating Backups for Your AI Projects on Linux,0,1
2025-12-16 10:00:03,Earn From Your Spare GPU: Step‑by‑Step Guide to Setting Up Golem on a Linux Workstation,0,0
2025-12-16 10:00:03,Build an AI‑Ready Linux Workstation Under $800 in 2024 – Step‑by‑Step Guide,0,0
2025-12-17 10:00:07,Basic Linux commands every AI tinkerer should know,0,0
2025-12-17 10:00:07,Automating Backups for Your AI Projects on Linux,0,1
2025-12-17 10:00:07,Earn From Your Spare GPU: Step‑by‑Step Guide to Setting Up Golem on a Linux Workstation,0,0
2025-12-17 10:00:07,Build an AI‑Ready Linux Workstation Under $800 in 2024 – Step‑by‑Step Guide,0,0
2025-12-18 10:00:01,Basic Linux commands every AI tinkerer should know,0,0
2025-12-18 10:00:01,Automating Backups for Your AI Projects on Linux,0,1
2025-12-18 10:00:01,Earn From Your Spare GPU: Step‑by‑Step Guide to Setting Up Golem on a Linux Workstation,0,0
2025-12-18 10:00:01,Build an AI‑Ready Linux Workstation Under $800 in 2024 – Step‑by‑Step Guide,0,0
2025-12-19 10:00:06,Basic Linux commands every AI tinkerer should know,0,0
2025-12-19 10:00:06,Automating Backups for Your AI Projects on Linux,0,1
2025-12-19 10:00:06,Earn From Your Spare GPU: Step‑by‑Step Guide to Setting Up Golem on a Linux Workstation,0,0
2025-12-19 10:00:06,Build an AI‑Ready Linux Workstation Under $800 in 2024 – Step‑by‑Step Guide,0,0
2025-12-20 10:00:03,Basic Linux commands every AI tinkerer should know,0,0
2025-12-20 10:00:03,Automating Backups for Your AI Projects on Linux,0,1
2025-12-20 10:00:03,Earn From Your Spare GPU: Step‑by‑Step Guide to Setting Up Golem on a Linux Workstation,0,0
2025-12-20 10:00:03,Build an AI‑Ready Linux Workstation Under $800 in 2024 – Step‑by‑Step Guide,0,0
2025-12-22 10:00:01,Basic Linux commands every AI tinkerer should know,0,0
2025-12-22 10:00:01,Automating Backups for Your AI Projects on Linux,0,1
2025-12-22 10:00:01,Earn From Your Spare GPU: Step‑by‑Step Guide to Setting Up Golem on a Linux Workstation,0,0
2025-12-22 10:00:01,Build an AI‑Ready Linux Workstation Under $800 in 2024 – Step‑by‑Step Guide,0,0
2025-12-23 10:00:01,Basic Linux commands every AI tinkerer should know,0,0
2025-12-23 10:00:01,Automating Backups for Your AI Projects on Linux,0,1
2025-12-23 10:00:01,Earn From Your Spare GPU: Step‑by‑Step Guide to Setting Up Golem on a Linux Workstation,0,0
2025-12-23 10:00:01,Build an AI‑Ready Linux Workstation Under $800 in 2024 – Step‑by‑Step Guide,0,0
2025-12-24 10:00:01,Basic Linux commands every AI tinkerer should know,0,0
2025-12-24 10:00:01,Automating Backups for Your AI Projects on Linux,0,1
2025-12-24 10:00:01,Earn From Your Spare GPU: Step‑by‑Step Guide to Setting Up Golem on a Linux Workstation,0,0
2025-12-24 10:00:01,Build an AI‑Ready Linux Workstation Under $800 in 2024 – Step‑by‑Step Guide,0,0
2025-12-25 10:00:01,Basic Linux commands every AI tinkerer should know,0,0
2025-12-25 10:00:01,Automating Backups for Your AI Projects on Linux,0,1
2025-12-25 10:00:01,Earn From Your Spare GPU: Step‑by‑Step Guide to Setting Up Golem on a Linux Workstation,0,0
2025-12-25 10:00:01,Build an AI‑Ready Linux Workstation Under $800 in 2024 – Step‑by‑Step Guide,0,0
2025-12-26 10:00:01,Basic Linux commands every AI tinkerer should know,0,0
2025-12-26 10:00:01,Automating Backups for Your AI Projects on Linux,0,1
2025-12-26 10:00:01,Earn From Your Spare GPU: Step‑by‑Step Guide to Setting Up Golem on a Linux Workstation,0,0
2025-12-26 10:00:01,Build an AI‑Ready Linux Workstation Under $800 in 2024 – Step‑by‑Step Guide,0,0
2025-12-27 10:00:02,Basic Linux commands every AI tinkerer should know,0,0
2025-12-27 10:00:02,Automating Backups for Your AI Projects on Linux,0,1
2025-12-27 10:00:02,Earn From Your Spare GPU: Step‑by‑Step Guide to Setting Up Golem on a Linux Workstation,0,0
2025-12-27 10:00:02,Build an AI‑Ready Linux Workstation Under $800 in 2024 – Step‑by‑Step Guide,0,0
2025-12-28 10:00:01,Basic Linux commands every AI tinkerer should know,0,0
2025-12-28 10:00:01,Automating Backups for Your AI Projects on Linux,0,1
2025-12-28 10:00:01,Earn From Your Spare GPU: Step‑by‑Step Guide to Setting Up Golem on a Linux Workstation,0,0
2025-12-28 10:00:01,Build an AI‑Ready Linux Workstation Under $800 in 2024 – Step‑by‑Step Guide,0,0
2025-12-29 10:00:01,Basic Linux commands every AI tinkerer should know,0,0
2025-12-29 10:00:01,Automating Backups for Your AI Projects on Linux,0,1
2025-12-29 10:00:01,Earn From Your Spare GPU: Step‑by‑Step Guide to Setting Up Golem on a Linux Workstation,0,0
2025-12-29 10:00:01,Build an AI‑Ready Linux Workstation Under $800 in 2024 – Step‑by‑Step Guide,0,0
2025-12-30 10:00:02,Basic Linux commands every AI tinkerer should know,0,0
2025-12-30 10:00:02,Automating Backups for Your AI Projects on Linux,0,1
2025-12-30 10:00:02,Earn From Your Spare GPU: Step‑by‑Step Guide to Setting Up Golem on a Linux Workstation,0,0
2025-12-30 10:00:02,Build an AI‑Ready Linux Workstation Under $800 in 2024 – Step‑by‑Step Guide,0,0
2025-12-31 10:00:02,Basic Linux commands every AI tinkerer should know,0,0
2025-12-31 10:00:02,Automating Backups for Your AI Projects on Linux,0,1
2025-12-31 10:00:02,Earn From Your Spare GPU: Step‑by‑Step Guide to Setting Up Golem on a Linux Workstation,0,0
2025-12-31 10:00:02,Build an AI‑Ready Linux Workstation Under $800 in 2024 – Step‑by‑Step Guide,0,0
2026-01-01 10:00:01,Basic Linux commands every AI tinkerer should know,0,0
2026-01-01 10:00:01,Automating Backups for Your AI Projects on Linux,0,1
2026-01-01 10:00:01,Earn From Your Spare GPU: Step‑by‑Step Guide to Setting Up Golem on a Linux Workstation,0,0
2026-01-01 10:00:01,Build an AI‑Ready Linux Workstation Under $800 in 2024 – Step‑by‑Step Guide,0,0
2026-01-02 10:00:02,Basic Linux commands every AI tinkerer should know,0,0
2026-01-02 10:00:02,Automating Backups for Your AI Projects on Linux,0,1
2026-01-02 10:00:02,Earn From Your Spare GPU: Step‑by‑Step Guide to Setting Up Golem on a Linux Workstation,0,0
2026-01-02 10:00:02,Build an AI‑Ready Linux Workstation Under $800 in 2024 – Step‑by‑Step Guide,0,0
2026-01-03 10:00:01,Basic Linux commands every AI tinkerer should know,0,0
2026-01-03 10:00:01,Automating Backups for Your AI Projects on Linux,0,1
2026-01-03 10:00:01,Earn From Your Spare GPU: Step‑by‑Step Guide to Setting Up Golem on a Linux Workstation,0,0
2026-01-03 10:00:01,Build an AI‑Ready Linux Workstation Under $800 in 2024 – Step‑by‑Step Guide,0,0
2026-01-04 10:00:02,Basic Linux commands every AI tinkerer should know,0,0
2026-01-04 10:00:02,Automating Backups for Your AI Projects on Linux,0,1
2026-01-04 10:00:02,Earn From Your Spare GPU: Step‑by‑Step Guide to Setting Up Golem on a Linux Workstation,0,0
2026-01-04 10:00:02,Build an AI‑Ready Linux Workstation Under $800 in 2024 – Step‑by‑Step Guide,0,0
2026-01-05 10:00:02,Basic Linux commands every AI tinkerer should know,0,0
2026-01-05 10:00:02,Automating Backups for Your AI Projects on Linux,0,1
2026-01-05 10:00:02,Earn From Your Spare GPU: Step‑by‑Step Guide to Setting Up Golem on a Linux Workstation,0,0
2026-01-05 10:00:02,Build an AI‑Ready Linux Workstation Under $800 in 2024 – Step‑by‑Step Guide,0,0
2026-01-06 10:00:02,Basic Linux commands every AI tinkerer should know,0,0
2026-01-06 10:00:02,Automating Backups for Your AI Projects on Linux,0,1
2026-01-06 10:00:02,Earn From Your Spare GPU: Step‑by‑Step Guide to Setting Up Golem on a Linux Workstation,0,0
2026-01-06 10:00:02,Build an AI‑Ready Linux Workstation Under $800 in 2024 – Step‑by‑Step Guide,0,0
2026-01-08 10:00:02,Basic Linux commands every AI tinkerer should know,0,0
2026-01-08 10:00:02,Automating Backups for Your AI Projects on Linux,0,1
2026-01-08 10:00:02,Earn From Your Spare GPU: Step‑by‑Step Guide to Setting Up Golem on a Linux Workstation,0,0
2026-01-08 10:00:02,Build an AI‑Ready Linux Workstation Under $800 in 2024 – Step‑by‑Step Guide,0,0
